slug,title,cat,clicks,impressions,merchant,network,current_url,your_affiliate_url
moneybox-cash-isa,Moneybox Cash ISA,ISA's,516,25592,moneyboxapp.com,,https://www.moneyboxapp.com/cash-isa?source=Compare100.com,
lloyds-bank-cash-isa,Lloyds Bank Cash ISA,ISA's,391,38501,lloydsbank.com,,https://www.lloydsbank.com/isas.html/?source=Compare100.com,
cazoo-cars-for-sale,Cazoo Cars for Sale,Cars for Sale,328,23373,cazoo.co.uk,,https://www.cazoo.co.uk/?source=Compare100.com,
cynergy-bank-savings-account,Cynergy Bank Savings Account,Savings Accounts,319,13284,cynergybank.co.uk,,https://www.cynergybank.co.uk/personal/online-notice-saver?source=Compare100.com,
nationwide-cash-isa,Nationwide Cash ISA,ISA's,290,39323,nationwide.co.uk,,https://www.nationwide.co.uk/savings/cash-isas?source=Compare100.com,
leeds-building-society-cash-isa,Leeds Building Society Cash ISA,ISA's,263,29764,leedsbuildingsociety.co.uk,,https://www.leedsbuildingsociety.co.uk/savings/cash-isas?source=Compare100.com,
admiral-motorbike-insurance-review,Admiral Insurance Motorbike Insurance,Motorbike Insurance,81,983,r.admiral.com,,https://r.admiral.com/andrewk-3110,
holiday-extras-airport-parking,Holiday Extras Airport Parking,Airport Parking,74,6290,holidayextras.com,,https://www.holidayextras.com/?source=Compare100.com,
lloyds-bank-personal-loan,Lloyds Bank Personal Loan,Loans,73,5992,lloydsbank.com,,https://www.lloydsbank.com/loans.html?source=Compare100.com,
black-circles-tyres,Black Circles Tyres,Tyres,63,32847,blackcircles.com,,https://www.blackcircles.com/?source=Compare100.com,
insuremore-travel-insurance-review,Insuremore.co.uk Travel Insurance,Travel Insurance,60,1220,scripts.affiliatefuture.com,,https://scripts.affiliatefuture.com/AFClick.asp?affiliateID=252689&merchantID=6720&programmeID=19640&mediaID=155406&tracking=&afsource=10&url=,
barclays-personal-loan,Barclays Personal Loan,Loans,56,5391,barclays.co.uk,,https://www.barclays.co.uk/loans/?source=Compare100.com,
aviva-travel-insurance-review,Aviva Travel Insurance,Travel Insurance,50,7758,direct.aviva.co.uk,,https://www.direct.aviva.co.uk/quote/Direct/Travel?source=Compare100.com,
john-lewis-televisions,John Lewis Televisions,Televisions,46,6773,johnlewis.com,,https://www.johnlewis.com/?source=Compare100.com,
aa-vehicle-inspections,AA Vehicle Inspections,Vehicle Inspections,44,5065,theaa.com,,https://www.theaa.com/vehicle-inspections?source=Compare100.com,
santander-savings-account,Santander Savings Account,Savings Accounts,42,11626,santander.co.uk,,https://www.santander.co.uk/personal/savings-and-investments/savings?,
kwik-fit-tyres,Kwik Fit Tyres,Tyres,39,9587,kwik-fit.com,,https://www.kwik-fit.com/tyres?source=Compare100.com,
nationwide-savings-account,Nationwide Savings Account,Savings Accounts,32,6949,nationwide.co.uk,,https://www.nationwide.co.uk/savings?source=Compare100.com,
natwest-credit-cards,NatWest Credit Cards,Credit Cards,30,10862,natwest.com,,https://www.natwest.com/credit-cards.html?source=Compare100.com,
first-direct-1st-account,First Direct 1st Account,Current Accounts,28,1871,firstdirect.com,,https://www.firstdirect.com/banking/current-account/?source=Compare100.com,
loungekey-airport-lounge,LoungeKey Airport Lounge,Airport Lounge,28,1167,loungekey.com,,https://www.loungekey.com/?source=Compare100.com,
carwow-cars-for-sale,Carwow Cars for Sale,Cars for Sale,25,4234,carwow.co.uk,,https://www.carwow.co.uk/?source=Compare100.com,
oneweb-satellite-internet,OneWeb Satellite Internet,Satellite Internet,22,284,oneweb.net,,https://oneweb.net/?source=Compare100.com,
lloyds-bank-mortgage-deals,Lloyds Bank Mortgage Deals,Mortgage Deals,18,4291,lloydsbank.com,,https://www.lloydsbank.com/mortgages.html?source=Compare100.com,
le-boat-uk-boating-holidays,Le Boat Boating Holidays: Your Ultimate Guide to Self-Drive UK Canal &amp; River Adventures in 2025,UK Boating Holidays,18,2091,leboat.co.uk,,https://www.leboat.co.uk/?source=Compare100.com,
aldermore-savings-account,Aldermore Savings Account,Savings Accounts,16,11251,aldermore.co.uk,,https://www.aldermore.co.uk/savings-accounts/personal-savings-accounts/?source=Compare100.com,
nationwide-mortgage-deals,Nationwide Mortgage Deals,Mortgage Deals,16,2623,nationwide.co.uk,,https://www.nationwide.co.uk/mortgages?source=Compare100.com,
nationwide-flexdirect-account,Nationwide FlexDirect Account,Current Accounts,14,5833,nationwide.co.uk,,https://www.nationwide.co.uk/current-accounts/?source=Compare100.com,
lv-home-insurance-review,LV= Home Insurance,Home Insurance,14,4351,lv.com,,https://www.lv.com/home-insurance?source=Compare100.com,
barclaycard-credit-cards,Barclaycard Credit Cards,Credit Cards,12,11837,barclaycard.co.uk,,https://www.barclaycard.co.uk/personal/credit-cards?source=Compare100.com,
rac-vehicle-inspections,RAC Vehicle Inspections,Vehicle Inspections,11,1957,rac.co.uk,,https://www.rac.co.uk/vehicle-inspections?source=Compare100.com,
saga-travel-insurance-review,Saga Travel Insurance,Travel Insurance,10,8285,saga.co.uk,,https://www.saga.co.uk/insurance/travel-insurance?source=Compare100.com,
santander-credit-cards,Santander Credit Cards,Credit Cards,10,5361,santander.co.uk,,https://www.santander.co.uk/uk/credit-cards?source=Compare100.com,
british-seniors-over-50s-insurance,British Seniors Over 50’s Insurance,Over 50's Insurance,10,547,britishseniors.co.uk,,https://www.britishseniors.co.uk/over-50s-life-insurance/?source=Compare100.com,
ats-euromaster-servicing,ATS Euromaster Servicing,Servicing,10,273,atseuromaster.co.uk,,https://www.atseuromaster.co.uk/?source=Compare100.com,
lloyds-bank-club-lloyds-account,Lloyds Bank Club Lloyds Account,Current Accounts,9,9616,lloydsbank.com,,https://www.lloydsbank.com/current-accounts.html?source=Compare100.com,
close-brothers-savings-account,Close Brothers Savings Account,Savings Accounts,9,3236,closesavings.co.uk,,https://www.closesavings.co.uk/personal/savings-accounts?source=Compare100.com,
hsbc-credit-cards,HSBC Credit Cards,Credit Cards,9,2489,hsbc.co.uk,,https://www.hsbc.co.uk/credit-cards/?source=Compare100.com,
aviva-landlord-insurance-review,Aviva Landlord’s Insurance,Landlord's Insurance,9,424,aviva.co.uk,,https://www.aviva.co.uk/insurance/home-products/landlord-insurance/?source=Compare100.com,
ats-euromaster-tyres,ATS Euromaster Tyres,Tyres,8,791,atseuromaster.co.uk,,https://www.atseuromaster.co.uk/consumer/tyres?source=Compare100.com,
direct-line-car-insurance-review,Direct Line Car Insurance,Car Insurance Deals,7,3298,directline.com,,https://www.directline.com/car-insurance?source=Compare100.com,
start-rescue-breakdown-insurance-review,Start Rescue Breakdown Insurance,Breakdown Insurance,7,1466,startrescue.co.uk,,https://www.startrescue.co.uk/breakdown-cover?source=Compare100.com,
mr-clutch-servicing,Mr Clutch Servicing,Servicing,7,1019,mrclutch.com,,https://www.mrclutch.com/?source=Compare100.com,
legal-general-life-insurance,Legal &amp; General Life Insurance,Life Insurance,7,959,legalandgeneral.com,,https://www.legalandgeneral.com/insurance/life-insurance/?source=Compare100.com,
formula-one-autocentres-servicing,Formula One Autocentres Servicing,Servicing,7,889,f1autocentres.co.uk,,https://www.f1autocentres.co.uk/?source=Compare100.com,
the-aa-van-insurance-review,The AA Van Insurance,Van Insurance,7,440,theaa.com,,https://www.theaa.com/van-insurance?source=Compare100.com,
octopus-energy-dual-fuel,Octopus Energy Dual Fuel,Dual Fuel,7,192,octopus.energy,,https://octopus.energy/?source=Compare100.com,
cazoo-sell-my-car,Cazoo Sell My Car,Sell Your Car,7,112,cazoo.co.uk,,https://www.cazoo.co.uk/sell?source=Compare100.com,
aviva-life-insurance,Aviva Life Insurance,Life Insurance,6,1636,aviva.co.uk,,https://www.aviva.co.uk/insurance/life-products/life-insurance/?source=Compare100.com,
cruise-nation-worldwide-cruises,Cruise Nation Worldwide Cruises: Your Gateway to Unbeatable Cruise Deals in 2025,Worldwide Cruises,6,256,cruisenation.com,,https://www.cruisenation.com/?source=Compare100.com,
barclays-mortgage-deals,Barclays Mortgage Deals,Mortgage Deals,5,2228,barclays.co.uk,,https://www.barclays.co.uk/mortgages/?source=Compare100.com,
hastings-direct-car-insurance-review,Hastings Direct Car Insurance,Car Insurance Deals,4,3078,hastingsdirect.com,,https://www.hastingsdirect.com/car-insurance?source=Compare100.com,
protect-your-bubble-phone-insurance,Protect Your Bubble Phone Insurance,Phone Insurance,4,3071,uk.protectyourbubble.com,,https://uk.protectyourbubble.com/?source=Compare100.com,
kwik-fit-servicing,Kwik Fit Servicing,Servicing,4,1030,kwik-fit.com,,https://www.kwik-fit.com/?source=Compare100.com,
santander-mortgage-deals,Santander Mortgage Deals,Mortgage Deals,4,847,santander.co.uk,,https://www.santander.co.uk/personal/mortgages?source=Compare100.com,
aa-car-check,AA Car Check,HPI Checks,3,638,theaa.com,,https://www.theaa.com/vehicle-check?source=Compare100.com,
trading-212-cash-isa,Trading 212 Cash ISA,ISA's,3,497,trading212.com,,https://www.trading212.com/cash-isa?source=Compare100.com,
standard-life-pension,Standard Life Pension,Pensions,3,496,standardlife.co.uk,,https://www.standardlife.co.uk/pensions?source=Compare100.com,
british-gas-plumbing-insurance,British Gas Plumbing Insurance,Plumbing Insurance,3,487,britishgas.co.uk,,https://www.britishgas.co.uk/cover/boiler-and-heating.html?source=Compare100.com,
parkers-cars-for-sale,Parkers Cars for Sale,Cars for Sale,3,458,parkers.co.uk,,https://www.parkers.co.uk/?source=Compare100.com,
starlink-satellite-internet,Starlink Satellite InternetStarlink UK Satellite Internet (2026 Guide),Satellite Internet,3,266,starlink.com,,https://www.starlink.com/?source=Compare100.com,
aviva-over-50s-insurance,Aviva Over 50’s Insurance,Over 50's Insurance,3,265,aviva.co.uk,,https://www.aviva.co.uk/insurance/life-products/over-50-life-insurance?source=Compare100.com,
my-car-inspections,My Car Inspections,Vehicle Inspections,3,38,mycarinspections.co.uk,,https://www.mycarinspections.co.uk/?source=Compare100.com,
admiral-car-insurance-review,Admiral Car Insurance,Car Insurance Deals,2,6325,r.admiral.com,,https://r.admiral.com/andrewk-3110,
admiral-van-insurance-review,Admiral Insurance Van Insurance,Van Insurance,2,1666,r.admiral.com,,https://r.admiral.com/andrewk-3110,
sunlife-co-uk-over-50s-insurance,Sunlife.co.uk Over 50’s Insurance,Over 50's Insurance,2,1381,sunlife.co.uk,,https://www.sunlife.co.uk/over-50-life-insurance/?source=Compare100.com,
santander-personal-loan,Santander Personal Loan,Loans,2,1213,santander.co.uk,,https://www.santander.co.uk/personal/loans?source=Compare100.com,
ee-new-phone-contract,EE New Phone Contract,New Phone Contract,2,614,ee.co.uk,,https://ee.co.uk/?source=Compare100.com,
comfort-breakdown-insurance-review,Comfort Insurance Breakdown Insurance,Breakdown Insurance,2,603,comfort-insurance.co.uk,,https://www.comfort-insurance.co.uk/motorhome-insurance/breakdown-cover-for-motorhomes?source=Compare100.com,
homeserve-plumbing-insurance,HomeServe Plumbing Insurance,Plumbing Insurance,2,414,homeserve.mention-me.com,,https://homeserve.mention-me.com/m/ol/hz7xx-andrew-king,
eversure-breakdown-insurance-review,Eversure.com Breakdown Insurance,Breakdown Insurance,2,390,eversurecc.co.uk,,https://eversurecc.co.uk/COmbXeM,
rac-vehicle-history-check,RAC Vehicle History Check,HPI Checks,2,338,rac.co.uk,,https://www.rac.co.uk/vehicle-check?source=Compare100.com,
british-gas-electricity,British Gas Electricity,Electricity,2,240,refer.britishgas.co.uk,,https://refer.britishgas.co.uk/andrewk-3158t,
axa-home-insurance-review,AXA Home Insurance,Home Insurance,2,100,axa.co.uk,,https://www.axa.co.uk/home-insurance?source=Compare100.com,
octopus-energy-gas,Octopus Energy Gas,Gas,2,76,octopus.energy,,https://octopus.energy/?source=Compare100.com,
national-tyres-and-autocare-servicing,National Tyres and Autocare Servicing,Servicing,2,61,national.co.uk,,https://www.national.co.uk/?source=Compare100.com,
samsung-no-contract-phones,Samsung No Contract Phones,Just Phones,2,41,samsung.com,,https://www.samsung.com/uk/smartphones/?source=Compare100.com,
bigblu-broadband-satellite-internet,Bigblu Broadband Satellite Internet,Satellite Internet,2,32,broadband.bigblu.co.uk,,https://broadband.bigblu.co.uk/?source=Compare100.com,
so-energy-gas,So Energy Gas,Gas,2,28,so.energy,,https://www.so.energy/?source=Compare100.com,
holiday-autos-holiday-car-hire,Holiday Autos Holiday Car Hire,Holiday Car Hire,1,2492,holidayautos.com,,https://www.holidayautos.com/?source=Compare100.com,
admiral-home-insurance-review,Admiral Insurance Home Insurance,Home Insurance,1,1325,r.admiral.com,,https://r.admiral.com/andrewk-3110,
direct-line-landlord-insurance-review,Direct Line Landlord’s Insurance,Landlord's Insurance,1,1284,directlineforbusiness.co.uk,,https://www.directlineforbusiness.co.uk/landlord-insurance?source=Compare100.com,
tesco-bank-personal-loan,Tesco Bank Personal Loan,Loans,1,1220,tescobank.com,,https://www.tescobank.com/loans/,
clickmechanic,ClickMechanic,Vehicle Inspections,1,634,clickmechanic.com,,https://www.clickmechanic.com/?source=Compare100.com,
hipcamp-campsites-and-resorts,Hipcamp Campsites and Resorts,Campsites and Resorts,1,585,hipcamp.com,,https://www.hipcamp.com/?source=Compare100.com,
carmoola-car-finance,Carmoola Car Finance Review,Car Finance,1,524,awin1.com,Awin,https://www.awin1.com/cread.php?s=3890561&v=31283&q=514993&r=1384599,
monzo-current-account,Monzo Current Account,Current Accounts,1,353,monzo.com,,https://monzo.com/current-account?source=Compare100.com,
aviva-car-insurance-review,Aviva Car Insurance,Car Insurance Deals,1,325,aviva.co.uk,,https://www.aviva.co.uk/insurance/motor/car-insurance/?source=Compare100.com,
natwest-personal-loan,NatWest Personal Loan,Loans,1,284,natwest.com,,https://www.natwest.com/personal/loans.html?source=Compare100.com,
carphone-warehouse-phones,Carphone Warehouse Phones: Compare Handset Deals and Save,Just Phones,1,213,awin1.com,Awin,https://www.awin1.com/cread.php?s=4032071&v=2264&q=528999&r=1384599,
quotezone-van-insurance-review,Quotezone.co.uk Van Insurance,Van Insurance,1,161,quotezone.co.uk,,https://www.quotezone.co.uk/SetAffiliate.php?aid=E5W0C8-002&type=van,
amazon-mens-fashion,Amazon Men's Fashion,Men's Fashion,1,109,amzn.to,,https://amzn.to/4335ZuF,
currys-no-contract-phones,Currys No Contract Phones,Just Phones,1,90,currys.co.uk,,https://www.currys.co.uk/phones?source=Compare100.com,
ovo-energy-electricity,OVO Energy Electricity,Electricity,1,79,ovoenergy.com,,https://www.ovoenergy.com/?source=Compare100.com,
quotezone-travel-insurance-review,Quotezone.co.uk Travel Insurance,Travel Insurance,1,73,quotezone.co.uk,,https://www.quotezone.co.uk/travel-insurance?source=Compare100.com,
edf-energy-dual-fuel,EDF Energy Dual Fuel,Dual Fuel,1,48,edfenergy.com,,https://www.edfenergy.com/?source=Compare100.com,
utility-warehouse-gas,Utility Warehouse Gas,Gas,1,45,uw.co.uk,,https://uw.co.uk/ref/v2/partner/N36608,
scottish-power-electricity,Scottish Power Electricity,Electricity,1,38,scottishpower.co.uk,,https://www.scottishpower.co.uk/?source=Compare100.com,
ikea-furniture,IKEA Furniture,Furniture,1,37,ikea.com,,https://www.ikea.com/gb/en/?source=Compare100.com,
e-on-next-dual-fuel,E.ON Next Dual Fuel,Dual Fuel,1,34,eonnext.com,,https://www.eonnext.com/?source=Compare100.com,
motors-co-uk-cars-for-sale,Motors.co.uk Cars for Sale,Cars for Sale,1,16,motors.co.uk,,https://www.motors.co.uk/?source=Compare100.com,
asda-groceries,Asda Groceries,Groceries,1,15,groceries.asda.com,,https://groceries.asda.com/?source=Compare100.com,
affordable-mobiles-no-contract-phones,Affordable Mobiles No Contract Phones,Just Phones,1,5,affordablemobiles.co.uk,,https://www.affordablemobiles.co.uk/?source=Compare100.com,
hostelworld-hostels,Hostelworld Hostels,Hostels,0,1097,hostelworld.com,,https://www.hostelworld.com/?source=Compare100.com,
aph-airport-parking,APH Airport Parking,Airport Parking,0,799,aph.com,,https://www.aph.com/?source=Compare100.com,
octopus-energy-electricity,Octopus Energy Electricity,Electricity,0,781,octopus.energy,,https://octopus.energy/?source=Compare100.com,
legal-general-pension,Legal &amp; General Pension,Pensions,0,767,legalandgeneral.com,,https://www.legalandgeneral.com/retirement/pensions/personal-pension/?source=Compare100.com,
scottish-widows-pension,Scottish Widows Pension,Pensions,0,494,scottishwidows.co.uk,,https://www.scottishwidows.co.uk/retirement/pensions-annuities.html/?source=Compare100.com,
john-lewis-home-insurance-review,John Lewis Home Insurance,Home Insurance,0,448,johnlewisfinance.com,,https://www.johnlewisfinance.com/insurance/home-insurance.html?source=Compare100.com,
towergate-boat-insurance-review,Towergate Boat Insurance,Boat Insurance,0,378,towergateinsurance.co.uk,,https://www.towergateinsurance.co.uk/boat-insurance?source=Compare100.com,
carphone-warehouse-sim-only,Carphone Warehouse SIM Only Deals: Compare Plans and Save,SIM Only,0,374,awin1.com,Awin,https://www.awin1.com/cread.php?s=3590051&v=2264&q=485637&r=1384599,
insurance2go-phone-insurance,Insurance2go Phone Insurance,Phone Insurance,0,262,insurance2go.co.uk,,https://www.insurance2go.co.uk/?source=Compare100.com,
santander-edge-account,Santander Edge Account,Current Accounts,0,256,santander.co.uk,,https://www.santander.co.uk/personal/current-accounts?source=Compare100.com,
konnect-satellite-internet,Konnect Satellite Internet,Satellite Internet,0,231,europe.konnect.com,,https://europe.konnect.com/en-GB?source=Compare100.com,
noble-marine-boat-insurance-review,Noble Marine Insurance Boat Insurance,Boat Insurance,0,223,quote.noblemarine.co.uk,,https://quote.noblemarine.co.uk/?source=Compare100.com,
envirofone-recycle-your-phone,Envirofone Recycle Your Phone,Recycle Your Phone,0,208,envirofone.com,,https://www.envirofone.com/?source=Compare100.com,
aviva-pension,Aviva Pension,Pensions,0,207,aviva.co.uk,,https://www.aviva.co.uk/retirement/pensions?source=Compare100.com,
carwow-sell-my-car,Carwow Sell My Car,Sell Your Car,0,203,carwow.co.uk,,https://www.carwow.co.uk/sell-my-car?source=Compare100.com,
voyager-travel-insurance-review,Voyager Travel Insurance,Travel Insurance,0,202,voyagertravelinsurance.co.uk,,https://www.voyagertravelinsurance.co.uk/travel-insurance/?source=Compare100.com,
haven-knox-johnston-boat-insurance-review,Haven Knox-Johnston Boat Insurance,Boat Insurance,0,200,havenkj.com,,https://www.havenkj.com/?source=Compare100.com,
carphone-warehouse-new-phone-contract-deals,Carphone Warehouse New Phone Contract Deals,New Phone Contract,0,199,awin1.com,Awin,https://www.awin1.com/cread.php?s=3590051&v=2264&q=485637&r=1384599,
quotezone-home-insurance-review,Quotezone.co.uk Home Insurance,Home Insurance,0,198,quotezone.co.uk,,https://www.quotezone.co.uk/SetAffiliate.php?aid=E5W0C8-004&type=home,
black-prince-holidays-uk-boating-holidays,Black Prince Holidays UK Boating Holidays,UK Boating Holidays,0,175,black-prince.com,,https://www.black-prince.com/?source=Compare100.com,
pensionbee-pension,PensionBee Pension,Pensions,0,175,pensionbee.com,,https://www.pensionbee.com/uk/plans?source=Compare100.com,
axa-landlord-insurance-review,AXA Landlord’s Insurance,Landlord's Insurance,0,173,axa.co.uk,,https://www.axa.co.uk/landlord-insurance?source=Compare100.com,
coverwise-travel-insurance,Coverwise Travel Insurance – Cheap Cover with 24/7 Medical Assistance,Travel Insurance,0,165,awin1.com,Awin,https://www.awin1.com/cread.php?s=262777&v=3622&q=125415&r=1384599,
looking4parking-airport-parking,Looking4Parking Airport Parking,Airport Parking,0,163,looking4.com,,https://www.looking4.com/?source=Compare100.com,
tesco-mobile-new-phone-contract,Tesco Mobile New Phone Contract,New Phone Contract,0,159,tescomobile.com,,https://www.tescomobile.com/?source=Compare100.com,
wicked-quotes-motorbike-insurance-review,Wicked Quotes Motorbike Insurance,Motorbike Insurance,0,142,wickedquotes.co.uk,,https://www.wickedquotes.co.uk/quick-quote/?source=Compare100.com,
agoda-hotels,Agoda Hotels,Hotels,0,137,agoda.com,,https://www.agoda.com/?source=Compare100.com,
the-aa-breakdown-insurance-review,The AA Breakdown Insurance,Breakdown Insurance,0,122,theaa.com,,https://www.theaa.com/breakdown-cover?source=Compare100.com,
insure4boats-boat-insurance-review,Insure4Boats Boat Insurance,Boat Insurance,0,122,insure4boats.co.uk,,https://www.insure4boats.co.uk/?source=Compare100.com,
three-business-mobiles,Three Business Mobiles,Business Mobiles,0,120,three.co.uk,,https://www.three.co.uk/business/?source=Compare100.com,
mazuma-mobile-recycle-your-phone,Mazuma Mobile Recycle Your Phone,Recycle Your Phone,0,112,mazumamobile.com,,https://www.mazumamobile.com/?source=Compare100.com,
o2-recycle-your-phone,O2 Recycle Your Phone,Recycle Your Phone,0,109,o2recycle.co.uk,,https://www.o2recycle.co.uk/?source=Compare100.com,
bt-business-mobiles,BT Business Mobiles,Business Mobiles,0,103,business.bt.com,,https://business.bt.com/?source=Compare100.com,
zurich-life-insurance,Zurich Life Insurance,Life Insurance,0,96,zurich.co.uk,,https://www.zurich.co.uk/life-insurance?source=Compare100.com,
the-aa-europa-bike-insurance-review,The AA Motorbike Insurance,Motorbike Insurance,0,90,europabike.co.uk,,https://www.europabike.co.uk/welcome?source=Compare100.com,
autodoc-vehicle-parts,AutoDoc Vehicle Parts,Vehicle Parts,0,82,assets.ikhnaie.link,,https://assets.ikhnaie.link/click.html?wglinkid=5509178&wgcampaignid=122991&js=0,
anglo-welsh-uk-boating-holidays,Anglo Welsh UK Boating Holidays: Explore Iconic UK Canals with No License Needed in 2025,UK Boating Holidays,0,77,anglowelsh.co.uk,,https://www.anglowelsh.co.uk/?source=Compare100.com,
vodafone-recycle-your-phone,Vodafone Recycle Your Phone,Recycle Your Phone,0,74,vodafone.co.uk,,https://www.vodafone.co.uk/recycle-and-trade-in/recycle/?source=Compare100.com,
quotezone-motorbike-insurance-review,Quotezone.co.uk Motorbike Insurance,Motorbike Insurance,0,74,quotezone.co.uk,,https://www.quotezone.co.uk/SetAffiliate.php?aid=E5W0C8-005&type=bike,
towergate-tradesman-insurance,Towergate Tradesman Insurance,Tradesman Insurance,0,73,towergateinsurance.co.uk,,https://www.towergateinsurance.co.uk/trade-specific-insurance?source=Compare100.com,
honda-new-cars,Honda New Cars,New Cars,0,63,honda.co.uk,,https://www.honda.co.uk/cars.html?source=Compare100.com,
shepherds-friendly-over-50s-insurance,Shepherds Friendly Over 50’s Insurance,Over 50's Insurance,0,63,shepherdsfriendly.co.uk,,https://www.shepherdsfriendly.co.uk/over-50s-life-insurance/?source=Compare100.com,
saga-landlord-insurance-review,Saga Landlord’s Insurance,Landlord's Insurance,0,60,saga.co.uk,,https://www.saga.co.uk/insurance/landlord-insurance?source=Compare100.com,
smart-cover-plumbing-insurance,Smart Cover Plumbing Insurance,Plumbing Insurance,0,59,awin1.com,Awin,https://www.awin1.com/cread.php?s=3049408&v=25007&q=428988&r=1384599,
avanti-west-coast-train-tickets,Avanti West Coast Train Tickets,Train Tickets,0,56,avantiwestcoast.co.uk,,https://www.avantiwestcoast.co.uk/?source=Compare100.com,
sainsburys-bank-over-50s-life-insurance,Sainsbury’s Bank Over 50’s Insurance,Over 50's Insurance,0,56,sainsburysbank.co.uk,,https://www.sainsburysbank.co.uk/life-insurance/over-50?source=Compare100.com,
american-express-credit-cards,American Express Credit Cards,Credit Cards,0,55,americanexpress.com,,https://www.americanexpress.com/uk/credit-cards/?source=Compare100.com,
marks-spencer-childrens-fashion,Marks &amp; Spencer Children's Fashion,Children's Fashion,0,52,marksandspencer.com,,https://www.marksandspencer.com/c/kids?source=Compare100.com,
coventry-building-society-mortgage-deals,Coventry Building Society Mortgage Deals,Mortgage Deals,0,48,coventrybuildingsociety.co.uk,,https://www.coventrybuildingsociety.co.uk/mortgages?source=Compare100.com,
sse-gas,SSE Gas,Gas,0,48,sse.com,,https://www.sse.com/?source=Compare100.com,
quotezone-car-insurance-review,Quotezone.co.uk Car Insurance,Car Insurance Deals,0,46,quotezone.co.uk,,https://www.quotezone.co.uk/SetAffiliate.php?aid=E5W0C8-001&type=car,
row-co-uk-phone-insurance,Row.co.uk Phone Insurance,Phone Insurance,0,45,row.co.uk,,https://www.row.co.uk/mobile-phone-insurance?source=Compare100.com,
quotezone-landlord-insurance-review,Quotezone.co.uk Landlord’s Insurance,Landlord's Insurance,0,45,quotezone.co.uk,,https://www.quotezone.co.uk/SetAffiliate.php?aid=E5W0C8-003&type=generic,
axa-tradesman-insurance-review,AXA Tradesman Insurance,Tradesman Insurance,0,44,axa.co.uk,,https://www.axa.co.uk/business-insurance/trades/?source=Compare100.com,
laterooms-hotel-deals,LateRooms.com – Last-Minute Hotel Deals,Hotels,0,43,awin1.com,Awin,https://www.awin1.com/cread.php?s=3568633&v=74386&q=483185&r=1384599,
edf-energy-electricity,EDF Energy Electricity,Electricity,0,39,edfenergy.com,,https://www.edfenergy.com/?source=Compare100.com,
dfds-ferry-tickets,DFDS Ferry Tickets,Ferry Tickets,0,32,dfds.com,,https://www.dfds.com/en-gb/passenger-ferries?source=Compare100.com,
habitat-furniture,Habitat Furniture,Furniture,0,32,habitat.co.uk,,https://www.habitat.co.uk/?source=Compare100.com,
a2z-airport-parking-compare-book,A2Z Airport Parking – Compare &amp; Book,Airport Parking,0,29,scripts.affiliatefuture.com,,https://scripts.affiliatefuture.com/AFClick.asp?affiliateID=252689&merchantID=6964&programmeID=24414&mediaID=0&tracking=&afsource=20&url=,
luxury-escapes-exclusive-hotel-deals,Luxury Escapes – Exclusive Hotel Deals,Hotels,0,28,clk.omgt3.com,,https://clk.omgt3.com/?PID=55916&AID=515880,
priority-pass-airport-lounge,Priority Pass Airport Lounge,Airport Lounge,0,28,prioritypass.com,,https://www.prioritypass.com/?source=Compare100.com,
purple-parking-airport-parking,Purple Parking Airport Parking – Compare Park &amp; Ride vs Meet and Greet,Airport Parking,0,27,awin1.com,Awin,https://www.awin1.com/cread.php?s=2261341&v=12028&q=348197&r=1384599,
byd-new-cars,BYD New Cars,New Cars,0,26,byd.com,,https://www.byd.com/uk/?source=Compare100.com,
carvertical,CarVertical,HPI Checks,0,26,carvertical.com,,https://www.carvertical.com/gb?source=Compare100.com,
moss-bros-mens-fashion,Moss Bros Men's Fashion,Men's Fashion,0,26,moss.co.uk,,https://www.moss.co.uk/?source=Compare100.com,
carexamer,CarExamer,Vehicle Inspections,0,25,carexamer.com,,https://carexamer.com/?source=Compare100.com,
st-christophers-inns-hostels,St Christopher’s Inns Hostels,Hostels,0,24,st-christophers.co.uk,,https://www.st-christophers.co.uk/?source=Compare100.com,
british-gas,British Gas,Gas,0,24,refer.britishgas.co.uk,,https://refer.britishgas.co.uk/andrewk-3158t,
currys-televisions,Currys Televisions,Televisions,0,23,currys.co.uk,,https://www.currys.co.uk/?source=Compare100.com,
park-and-go-airport-parking,Park and Go Airport Parking,Airport Parking,0,21,assets.ikhnaie.link,,https://assets.ikhnaie.link/click.html?wglinkid=151372&wgcampaignid=122991,
richardsons-boating-holidays-uk-boating-holidays,Richardsons Boating Holidays UK Boating Holidays,UK Boating Holidays,0,21,richardsonsboatingholidays.co.uk,,https://www.richardsonsboatingholidays.co.uk/?source=Compare100.com,
vavista-life-insurance,Vavista Life Insurance,Life Insurance,0,21,vavista.com,,https://www.vavista.com/life-insurance?source=Compare100.com,
airport-parking-shop-airport-parking,Airport Parking Shop Airport Parking,Airport Parking,0,18,airport-parking-shop.co.uk,,https://www.airport-parking-shop.co.uk/?source=Compare100.com,
go-compare-phone-insurance,Go Compare Phone Insurance,Phone Insurance,0,17,gocompare.com,,https://www.gocompare.com/home-insurance/mobile-phone-cover/?source=Compare100.com,
switched-on-insurance-phone-insurance,Switched On Insurance Phone Insurance,Phone Insurance,0,16,switchedoninsurance.com,,https://www.switchedoninsurance.com/?source=Compare100.com,
po-ferries-ferry-tickets,P&amp;O Ferries Ferry Tickets: Your Smooth Gateway to Europe &amp; Beyond in 2025,Ferry Tickets,0,15,poferries.com,,https://www.poferries.com/?source=Compare100.com,
hiscox-tradesman-insurance-review,Hiscox Tradesman Insurance,Tradesman Insurance,0,13,hiscox.co.uk,,https://www.hiscox.co.uk/business-insurance/build-my-cover?source=Compare100.com,
secret-flight-club-cheap-flights,Secret Flight Club Cheap Flights,Cheap Flights,0,13,assets.ikhnaie.link,,https://assets.ikhnaie.link/click.html?wglinkid=4151711&wgcampaignid=122991,
british-gas-dual-fuel,British Gas Dual Fuel,Dual Fuel,0,13,refer.britishgas.co.uk,,https://refer.britishgas.co.uk/andrewk-3158t,
direct-ferries-ferry-tickets,Direct Ferries Ferry Tickets,Ferry Tickets,0,12,directferries.co.uk,,https://www.directferries.co.uk/?source=Compare100.com,
argos-gaming-and-accessories,Argos Gaming and Accessories,Gaming and Accessories,0,12,argos.co.uk,,https://www.argos.co.uk/browse/technology/video-games-and-consoles/c:29993/?source=Compare100.com,
musicmagpie-recycle-your-phone,MusicMagpie Recycle Your Phone,Recycle Your Phone,0,11,musicmagpie.co.uk,,https://www.musicmagpie.co.uk/?source=Compare100.com,
sainsburys-groceries,Sainsbury's Groceries,Groceries,0,11,sainsburys.co.uk,,https://www.sainsburys.co.uk/shop/gb/groceries?source=Compare100.com,
performance-direct-motorbike-insurance-review,Performance Direct Motorbike Insurance,Motorbike Insurance,0,11,performancedirect.co.uk,,https://www.performancedirect.co.uk/motorcycle-insurance/?source=Compare100.com,
hotelplanner-hotels,HotelPlanner Hotels,Hotels,0,10,assets.ikhnaie.link,,https://assets.ikhnaie.link/click.html?wglinkid=4680888&wgcampaignid=122991,
three-new-phone-contract,Three New Phone Contract,New Phone Contract,0,9,three.co.uk,,https://www.three.co.uk/?source=Compare100.com,
vodafone-business-mobiles,Vodafone Business Mobiles,Business Mobiles,0,9,vodafone.co.uk,,https://www.vodafone.co.uk/business/?source=Compare100.com,
tyres-net,Tyres.Net,Tyres,0,9,awin1.com,Awin,https://www.awin1.com/cread.php?s=3743866&v=12715&q=501196&r=1384599,
hostelling-international-hostels,Hostelling International Hostels,Hostels,0,8,hihostels.com,,https://www.hihostels.com/?source=Compare100.com,
voxi-sim-only,Voxi SIM Only,SIM Only,0,8,voxi.co.uk,,https://www.voxi.co.uk/?source=Compare100.com,
id-mobile-sim-only,iD Mobile SIM Only,SIM Only,0,8,idmobile.co.uk,,https://www.idmobile.co.uk/?source=Compare100.com,
avonline-broadband-satellite-internet,Avonline Broadband Satellite Internet,Satellite Internet,0,8,avonlinebroadband.com,,https://avonlinebroadband.com/?source=Compare100.com,
john-lewis-smart-home,John Lewis Smart Home,Smart Things,0,8,johnlewis.com,,https://www.johnlewis.com/browse/electricals/smart-home/_/N-1z13rfs?source=Compare100.com,
simply-business-tradesman-insurance-review,Simply Business Tradesman Insurance,Tradesman Insurance,0,8,simplybusiness.co.uk,,https://www.simplybusiness.co.uk/business-insurance/tradesman-insurance/?source=Compare100.com,
utility-warehouse-dual-fuel,Utility Warehouse Dual Fuel,Dual Fuel,0,8,uw.co.uk,,https://uw.co.uk/ref/v2/partner/N36608,
we-buy-any-car-sell-your-car,"We Buy Any Car, Sell Your Car",Sell Your Car,0,7,webuyanycar.com,,https://www.webuyanycar.com/?source=Compare100.com,
mymoneycomparison-com-life-insurance,MyMoneyComparison.com Life Insurance,Life Insurance,0,7,mymoneycomparison.com,,https://www.mymoneycomparison.com/?awc=22605_1745501775_9f6a5c77191d4282eab94753ae475d28,
home-emergency-assist-plumbing-insurance,Home Emergency Assist Plumbing Insurance,Plumbing Insurance,0,7,awin1.com,Awin,https://www.awin1.com/cread.php?s=3179404&v=31950&q=441083&r=1384599,
hotels-com-hotels,Hotels.com Hotels,Hotels,0,6,hotels.com,,https://www.hotels.com/?source=Compare100.com,
waterways-holidays-uk-boating-holidays,Waterways Holidays UK Boating Holidays: Explore 40+ UK Waterways with No Experience Needed in 2025,UK Boating Holidays,0,6,waterwaysholidays.com,,https://www.waterwaysholidays.com/?source=Compare100.com,
bt-broadband,BT Broadband,Broadband,0,6,bt.com,,https://www.bt.com/?source=Compare100.com,
game-over-bean-bags,Game Over Bean Bags – Gaming Seating for Comfort &amp; Support,Gaming and Accessories,0,6,awin1.com,Awin,https://www.awin1.com/cread.php?s=3242771&v=37282&q=447932&r=1384599,
breeze-esim-review,breeze eSIM Review: Travel Data Plans You Can Set Up in Minutes,SIM Only,0,6,awin1.com,Awin,https://www.awin1.com/cread.php?s=3668466&v=84567&q=493251&r=1384599,
mytyres,MyTyres,Tyres,0,5,mytyres.co.uk,,https://www.mytyres.co.uk/?source=Compare100.com,
quotezone-tradesman-insurance-review,Quotezone.co.uk Tradesman Insurance,Tradesman Insurance,0,5,quotezone.co.uk,,https://www.quotezone.co.uk/SetAffiliate.php?aid=E5W0C8-003&type=generic,
stena-line-ferry-tickets,Stena Line Ferry Tickets,Ferry Tickets,0,4,stenaline.co.uk,,https://www.stenaline.co.uk/?source=Compare100.com,
amazon-childrens-fashion,Amazon Children's Fashion,Children's Fashion,0,4,amzn.to,,https://amzn.to/42TxaH0,
currys-smart-tech,Currys Smart Tech,Smart Things,0,4,currys.co.uk,,https://www.currys.co.uk/smart-tech?source=Compare100.com,
eurocamp-campsites-and-resorts,Eurocamp Campsites and Resorts,Campsites and Resorts,0,3,eurocamp.co.uk,,https://www.eurocamp.co.uk/?source=Compare100.com,
ee-business-mobiles,EE Business Mobiles,Business Mobiles,0,3,business.ee.co.uk,,https://business.ee.co.uk/?source=Compare100.com,
hey-broadband,Hey Broadband,Broadband,0,3,awin1.com,Awin,https://www.awin1.com/cread.php?s=3862115&v=51115&q=512156&r=1384599,
auto-trader-sell-my-car,Auto Trader Sell My Car,Sell Your Car,0,3,autotrader.co.uk,,https://www.autotrader.co.uk/sell-my-car?source=Compare100.com,
hpi-checks,HPI Checks,HPI Checks,0,3,hpicheck.com,,https://www.hpicheck.com/?source=Compare100.com,
ocado-groceries,Ocado Groceries,Groceries,0,3,ocado.com,,https://www.ocado.com/?source=Compare100.com,
compare-boat-insurance-review,Compare-Boat-Insurance.co.uk Boat Insurance,Boat Insurance,0,3,compare-boat-insurance.co.uk,,https://www.compare-boat-insurance.co.uk/?source=Compare100.com,
cruise-critic-worldwide-cruises,Cruise Critic Worldwide Cruises: Your Essential Guide to Reviews &amp; Deals in 2025,Worldwide Cruises,0,2,cruisecritic.co.uk,,https://www.cruisecritic.co.uk/?source=Compare100.com,
edf-energy-business-dual-fuel,EDF Energy Business Dual Fuel,Business Dual Fuel,0,2,edfenergy.com,,https://www.edfenergy.com/business?source=Compare100.com,
ebuyer-computers,Ebuyer Computers,Computers,0,2,assets.ikhnaie.link,,https://assets.ikhnaie.link/click.html?wglinkid=3530831&wgcampaignid=122991&js=0,
sixt-holiday-car-hire,Sixt Holiday Car Hire,Holiday Car Hire,0,1,sixt.com,,https://www.sixt.com/?source=Compare100.com,
lebara-sim-only,Lebara SIM Only,SIM Only,0,1,mobile.lebara.com,,https://mobile.lebara.com/gb/en/?source=Compare100.com,
talktalk-broadband,TalkTalk Broadband,Broadband,0,1,talktalk.co.uk,,https://www.talktalk.co.uk/?source=Compare100.com,
scottish-power-business-dual-fuel,Scottish Power Business Dual Fuel,Business Dual Fuel,0,1,scottishpower.co.uk,,https://www.scottishpower.co.uk/business?source=Compare100.com,
totalenergies-business-dual-fuel,TotalEnergies Business Dual Fuel,Business Dual Fuel,0,1,business.totalenergies.uk,,https://business.totalenergies.uk/?source=Compare100.com,
the-battery-guys-vehicle-parts,The Battery Guys Vehicle Parts,Vehicle Parts,0,1,paidonresults.net,,https://www.paidonresults.net/c/18714/1/1134/0,
tesco-groceries,Tesco Groceries,Groceries,0,1,tesco.com,,https://www.tesco.com/groceries/?source=Compare100.com,
mymoneycomparison-breakdown-insurance-review,MyMoneyComparison.com Breakdown Insurance,Breakdown Insurance,0,1,awin1.com,Awin,https://www.awin1.com/cread.php?s=3147858&v=22605&q=408848&r=1384599,
business-mobiles-deals,BusinessMobiles.com Deals – Business Mobile Contracts &amp; Upgrades,Business Mobiles,0,1,awin1.com,Awin,https://www.awin1.com/cread.php?s=3428472&v=53829&q=469050&r=1384599,
compare-your-travel-insurance,Compare Your Travel Insurance Review: Compare Quotes Fast in the UK,Travel Insurance,0,1,awin1.com,Awin,https://www.awin1.com/cread.php?s=3666522&v=80595&q=493129&r=1384599,
momondo-cheap-flights,Momondo Cheap Flights,Cheap Flights,0,0,momondo.com,,https://www.momondo.com/?source=Compare100.com,
booking-com-hotels,Booking.com Hotels,Hotels,0,0,booking.com,,https://www.booking.com/?source=Compare100.com,
expedia-hotels,Expedia Hotels,Hotels,0,0,expedia.com,,https://www.expedia.com/?source=Compare100.com,
backpackers-com-hostels,Backpackers.com Hostels,Hostels,0,0,backpackers.com,,https://www.backpackers.com/?source=Compare100.com,
catered-ski-chalets-hostels,Catered Ski Chalets Hostels,Hostels,0,0,cateredskichalets.com,,https://www.cateredskichalets.com/all-inclusive-cateredchalet/?tt=1992_1000686_119031_&r=,
pitchup-campsites-and-resorts,Pitchup Campsites and Resorts,Campsites and Resorts,0,0,pitchup.com,,https://www.pitchup.com/?source=Compare100.com,
campsites-co-uk-campsites-and-resorts,Campsites.co.uk Campsites and Resorts,Campsites and Resorts,0,0,campsites.co.uk,,https://www.campsites.co.uk/?source=Compare100.com,
gusto-camp-campsites-and-resorts,Gusto Camp Campsites and Resorts,Campsites and Resorts,0,0,deals.gustocamp.co.uk,,https://deals.gustocamp.co.uk/c?c=1335&m=2429604&a=119031&r=&u=,
rentalcars-com-holiday-car-hire,Rentalcars.com Holiday Car Hire,Holiday Car Hire,0,0,rentalcars.com,,https://www.rentalcars.com/?source=Compare100.com,
europcar-holiday-car-hire,Europcar Holiday Car Hire,Holiday Car Hire,0,0,europcar.com,,https://www.europcar.com/?source=Compare100.com,
avis-holiday-car-hire,Avis Holiday Car Hire,Holiday Car Hire,0,0,avis.co.uk,,https://www.avis.co.uk/?source=Compare100.com,
po-cruises-worldwide-cruises,P&amp;O Cruises Worldwide Cruises: Luxurious Sea Journeys &amp; Tailored Experiences in 2025,Worldwide Cruises,0,0,pocruises.com,,https://www.pocruises.com/?source=Compare100.com,
royal-caribbean-worldwide-cruises,Royal Caribbean Worldwide Cruises: Your Ultimate Adventure for Global Exploration in 2025,Worldwide Cruises,0,0,royalcaribbean.com,,https://www.royalcaribbean.com/?source=Compare100.com,
msc-cruises-worldwide-cruises,MSC Cruises Worldwide Cruises: Elegant Voyages &amp; Family Adventures in 2025,Worldwide Cruises,0,0,msccruises.co.uk,,https://www.msccruises.co.uk/?source=Compare100.com,
national-rail-train-tickets,National Rail Train Tickets,Train Tickets,0,0,nationalrail.co.uk,,https://www.nationalrail.co.uk/?source=Compare100.com,
lner-train-tickets,LNER Train Tickets,Train Tickets,0,0,lner.co.uk,,https://www.lner.co.uk/?source=Compare100.com,
eurostar-train-tickets,Eurostar Train Tickets,Train Tickets,0,0,eurostar.com,,https://www.eurostar.com/?source=Compare100.com,
vodafone-new-phone-contract,Vodafone New Phone Contract,New Phone Contract,0,0,vodafone.co.uk,,https://www.vodafone.co.uk/?source=Compare100.com,
o2-new-phone-contract,O2 New Phone Contract,New Phone Contract,0,0,o2.co.uk,,https://www.o2.co.uk/?source=Compare100.com,
giffgaff-sim-only,giffgaff SIM Only,SIM Only,0,0,giffgaff.com,,https://www.giffgaff.com/?source=Compare100.com,
smarty-sim-only,Smarty SIM Only,SIM Only,0,0,smarty.co.uk,,https://smarty.co.uk/?source=Compare100.com,
mobiles-co-uk-no-contract-phones,Mobiles.co.uk No Contract Phones,Just Phones,0,0,mobiles.co.uk,,https://www.mobiles.co.uk/?source=Compare100.com,
o2-business-mobiles,O2 Business Mobiles,Business Mobiles,0,0,o2.co.uk,,https://www.o2.co.uk/business/?source=Compare100.com,
virgin-media-broadband,Virgin Media Broadband,Broadband,0,0,virginmedia.com,,https://www.virginmedia.com/?source=Compare100.com,
sky-broadband,Sky Broadband,Broadband,0,0,sky.com,,https://www.sky.com/broadband?source=Compare100.com,
british-gas-business-dual-fuel,British Gas Business Dual Fuel,Business Dual Fuel,0,0,britishgas.co.uk,,https://www.britishgas.co.uk/business?source=Compare100.com,
octopus-energy-business-dual-fuel,Octopus Energy Business Dual Fuel,Business Dual Fuel,0,0,octopus.energy,,https://octopus.energy/business/?source=Compare100.com,
euro-car-parts-vehicle-parts,Euro Car Parts Vehicle Parts,Vehicle Parts,0,0,eurocarparts.com,,https://www.eurocarparts.com/?source=Compare100.com,
ebc-brakes-vehicle-parts,EBC Brakes Vehicle Parts,Vehicle Parts,0,0,scripts.affiliatefuture.com,,https://scripts.affiliatefuture.com/AFClick.asp?affiliateID=252689&merchantID=353&programmeID=1242&mediaID=-1&tracking=&afsource=20&url=,
online-car-parts-uk-vehicle-parts,Online Car Parts UK Vehicle Parts,Vehicle Parts,0,0,assets.ikhnaie.link,,https://assets.ikhnaie.link/click.html?wglinkid=5523008&wgcampaignid=122991&js=0,
buy-car-parts-vehicle-parts,Buy Car Parts Vehicle Parts,Vehicle Parts,0,0,assets.ikhnaie.link,,https://assets.ikhnaie.link/click.html?wglinkid=5514058&wgcampaignid=122991&js=0,
motorway-sell-your-car,Motorway Sell Your Car,Sell Your Car,0,0,motorway.co.uk,,https://www.motorway.co.uk/?source=Compare100.com,
vauxhall-new-cars,Vauxhall New Cars,New Cars,0,0,vauxhall.co.uk,,https://www.vauxhall.co.uk/?source=Compare100.com,
audi-new-cars,Audi New Cars,New Cars,0,0,audi.co.uk,,https://www.audi.co.uk/?source=Compare100.com,
ford-new-cars,Ford New Cars,New Cars,0,0,ford.co.uk,,https://www.ford.co.uk/?source=Compare100.com,
mercedes-benz-new-cars,Mercedes-Benz New Cars,New Cars,0,0,mercedes-benz.co.uk,,https://www.mercedes-benz.co.uk/?source=Compare100.com,
nissan-new-cars,Nissan New Cars,New Cars,0,0,nissan.co.uk,,https://www.nissan.co.uk/?source=Compare100.com,
volkswagen-new-cars,Volkswagen New Cars,New Cars,0,0,volkswagen.co.uk,,https://www.volkswagen.co.uk/?source=Compare100.com,
toyota-new-cars,Toyota New Cars,New Cars,0,0,toyota.co.uk,,https://www.toyota.co.uk/?source=Compare100.com,
tesla-new-cars,Tesla New Cars,New Cars,0,0,tesla.com,,https://www.tesla.com/en_gb?source=Compare100.com,
auto-trader-cars-for-sale,Auto Trader Cars for Sale,Cars for Sale,0,0,autotrader.co.uk,,https://www.autotrader.co.uk/?source=Compare100.com,
total-car-check,Total Car Check,HPI Checks,0,0,totalcarcheck.co.uk,,https://totalcarcheck.co.uk/?source=Compare100.com,
zara-womens-fashion,Zara Women's Fashion,Women's Fashion,0,0,zara.com,,https://www.zara.com/uk/?source=Compare100.com,
hm-womens-fashion,H&amp;M Women's Fashion,Women's Fashion,0,0,www2.hm.com,,https://www2.hm.com/en_gb/index.html?source=Compare100.com,
missguided-womens-fashion,Missguided Women's Fashion,Women's Fashion,0,0,missguided.co.uk,,https://www.missguided.co.uk/?source=Compare100.com,
boohoo-womens-fashion,Boohoo Women's Fashion,Women's Fashion,0,0,boohoo.com,,https://www.boohoo.com/?source=Compare100.com,
amazon-womens-fashion,Amazon Women's Fashion,Women's Fashion,0,0,amzn.to,,https://amzn.to/4jBQdwI,
asos-womens-fashion,ASOS Women's Fashion,Women's Fashion,0,0,asos.com,,https://www.asos.com/?source=Compare100.com,
gap-kids-childrens-fashion,Gap Kids Children's Fashion,Children's Fashion,0,0,gap.co.uk,,https://www.gap.co.uk/kids?source=Compare100.com,
jojo-maman-bebe-childrens-fashion,JoJo Maman Bébé Children's Fashion,Children's Fashion,0,0,jojomamanbebe.co.uk,,https://www.jojomamanbebe.co.uk/?source=Compare100.com,
vertbaudet-childrens-fashion,Vertbaudet Children's Fashion,Children's Fashion,0,0,vertbaudet.co.uk,,https://www.vertbaudet.co.uk/?source=Compare100.com,
next-childrens-fashion,Next Children's Fashion,Children's Fashion,0,0,next.co.uk,,https://www.next.co.uk/?source=Compare100.com,
river-island-mens-fashion,River Island Men's Fashion,Men's Fashion,0,0,riverisland.com,,https://www.riverisland.com/?source=Compare100.com,
burton-mens-fashion,Burton Men's Fashion,Men's Fashion,0,0,burton.co.uk,,https://www.burton.co.uk/?source=Compare100.com,
asos-mens-fashion,ASOS Men's Fashion,Men's Fashion,0,0,asos.com,,https://www.asos.com/men/?source=Compare100.com,
argos-televisions,Argos Televisions,Televisions,0,0,argos.co.uk,,https://www.argos.co.uk/?source=Compare100.com,
samsung-uk-televisions,Samsung UK Televisions,Televisions,0,0,samsung.com,,https://www.samsung.com/uk/?source=Compare100.com,
lg-uk-televisions,LG UK Televisions,Televisions,0,0,lgelec.prf.hn,Partnerize,https://lgelec.prf.hn/click/camref:1011l5haSW/creativeref:1101l81587,
amazon-televisions,Amazon Televisions,Televisions,0,0,amzn.to,,https://amzn.to/42B1OpV,
hp-uk-computers,HP UK Computers,Computers,0,0,hp.com,,https://www.hp.com/gb-en/home.html?source=Compare100.com,
lenovo-uk-computers,Lenovo UK Computers,Computers,0,0,lenovo.com,,https://www.lenovo.com/gb/en/?source=Compare100.com,
dell-uk-computers,Dell UK Computers,Computers,0,0,dell.com,,https://www.dell.com/en-uk?source=Compare100.com,
amazon-computers,Amazon Computers,Computers,0,0,amzn.to,,https://amzn.to/44gyiXM,
currys-gaming-and-accessories,Currys Gaming and Accessories,Gaming and Accessories,0,0,currys.co.uk,,https://www.currys.co.uk/gaming?source=Compare100.com,
razer-gaming-and-accessories,Razer Gaming and Accessories,Gaming and Accessories,0,0,razer.com,,https://www.razer.com/gb-en/?source=Compare100.com,
logitech-g-gaming-and-accessories,Logitech G Gaming and Accessories,Gaming and Accessories,0,0,logitechg.com,,https://www.logitechg.com/en-gb?source=Compare100.com,
game-gaming-and-accessories,GAME Gaming and Accessories,Gaming and Accessories,0,0,game.co.uk,,https://www.game.co.uk/?source=Compare100.com,
superdrug-health-and-beauty,Superdrug Health and Beauty,Health and Beauty,0,0,superdrug.com,,https://www.superdrug.com/?source=Compare100.com,
lookfantastic-health-and-beauty,Lookfantastic Health and Beauty,Health and Beauty,0,0,lookfantastic.com,,https://www.lookfantastic.com/?source=Compare100.com,
cult-beauty-health-and-beauty,Cult Beauty Health and Beauty,Health and Beauty,0,0,cultbeauty.co.uk,,https://www.cultbeauty.co.uk/?source=Compare100.com,
the-body-shop-health-and-beauty,The Body Shop Health and Beauty,Health and Beauty,0,0,thebodyshop.com,,https://www.thebodyshop.com/en-gb/?source=Compare100.com,
boots-health-and-beauty,Boots Health and Beauty,Health and Beauty,0,0,boots.com,,https://www.boots.com/?source=Compare100.com,
made-com-furniture,Made.com Furniture,Furniture,0,0,made.com,,https://www.made.com/?source=Compare100.com,
wayfair-furniture,Wayfair Furniture,Furniture,0,0,wayfair.co.uk,,https://www.wayfair.co.uk/?source=Compare100.com,
dunelm-furniture,Dunelm Furniture,Furniture,0,0,dunelm.com,,https://www.dunelm.com/?source=Compare100.com,
amazon-furniture,Amazon Furniture,Furniture,0,0,amzn.to,,https://amzn.to/3YUiS7L,
google-store-smart-things,Google Store Smart Things,Smart Things,0,0,store.google.com,,https://store.google.com/gb/?source=Compare100.com,
philips-hue-smart-things,Philips Hue Smart Things,Smart Things,0,0,philips-hue.com,,https://www.philips-hue.com/en-gb?source=Compare100.com,
waitrose-groceries,Waitrose Groceries,Groceries,0,0,waitrose.com,,https://www.waitrose.com/?source=Compare100.com,
trainline-train-tickets,Trainline Train Tickets,Train Tickets,0,0,thetrainline.com,,https://www.thetrainline.com/?source=Compare100.com,
amazon-groceries,Amazon Groceries,Groceries,0,0,amzn.to,,https://amzn.to/4jwzJ93,
fitbit-fitness-wearables,Fitbit Fitness &amp; Wearables,Fitness &amp; Wearables,0,0,fitbit.com,,https://www.fitbit.com/gb/home?source=Compare100.com,
apple-watch-fitness-wearables,Apple Watch Fitness &amp; Wearables,Fitness &amp; Wearables,0,0,apple.com,,https://www.apple.com/uk/watch/?source=Compare100.com,
samsung-wearables-fitness-wearables,Samsung Wearables Fitness &amp; Wearables,Fitness &amp; Wearables,0,0,samsung.com,,https://www.samsung.com/uk/wearables/?source=Compare100.com,
polar-fitness-wearables,Polar Fitness &amp; Wearables,Fitness &amp; Wearables,0,0,polar.com,,https://www.polar.com/uk-en?source=Compare100.com,
garmin-fitness-wearables,Garmin Fitness &amp; Wearables,Fitness &amp; Wearables,0,0,garmin.com,,https://www.garmin.com/en-GB/?source=Compare100.com,
amazon-fitness-wearables,Amazon Fitness &amp; Wearables,Fitness &amp; Wearables,0,0,amzn.to,,https://amzn.to/44gyAxQ,
branded-beauty-luxe-beauty-deals,Branded Beauty - Luxe Beauty Deals,Health and Beauty,0,0,awin1.com,Awin,https://www.awin1.com/cread.php?s=3352919&v=48313&q=460413&r=1384599,
trip-com-global-hotel-deals,Trip.com – Global Hotel Deals,Hotels,0,0,clk.omgt3.com,,https://clk.omgt3.com/?PID=54862&AID=515880,
amazon-gaming-and-accessories,Amazon Gaming and Accessories,Gaming and Accessories,0,0,amzn.to,,https://amzn.to/3GvGnxO,
amazon-health-and-beauty,Amazon Health and Beauty,Health and Beauty,0,0,amzn.to,,https://amzn.to/4jEOkj2,
amazon-smart-things,Amazon Smart Things,Smart Things,0,0,amzn.to,,https://amzn.to/42Bl4n2,
skyscanner-cheap-flights,Skyscanner Cheap Flights,Cheap Flights,0,0,skyscanner.net,,https://www.skyscanner.net/?source=Compare100.com,
kayak-cheap-flights,Kayak Cheap Flights,Cheap Flights,0,0,kayak.com,,https://www.kayak.com/?source=Compare100.com,
google-flights-cheap-flights,Google Flights Cheap Flights,Cheap Flights,0,0,google.com,,https://www.google.com/flights?source=Compare100.com,
airport-lounges-airport-lounge,Airport Lounges Airport Lounge,Airport Lounge,0,0,airportlounges.com,,https://www.airportlounges.com/?source=Compare100.com,
dragonpass-airport-lounge,DragonPass Airport Lounge,Airport Lounge,0,0,dragonpass.com,,https://www.dragonpass.com/?source=Compare100.com,
loungepass-com-airport-lounge,Loungepass.com Airport Lounge,Airport Lounge,0,0,paidonresults.net,,https://www.paidonresults.net/c/18714/30/88/0,
brittany-ferries-ferry-tickets,Brittany Ferries Ferry Tickets – UK to France &amp; Spain,Ferry Tickets,0,0,brittany-ferries.co.uk,,https://www.brittany-ferries.co.uk/?source=Compare100.com,
samboat-boat-rental,"SamBoat Boat Rental: Hire a Yacht, Catamaran or Motorboat Worldwide",UK Boating Holidays,0,0,awin1.com,Awin,https://www.awin1.com/cread.php?s=3209902&v=32677&q=444285&r=1384599,
quick-mortgages,Quick Mortgages Review: Compare UK Mortgage Deals and Get Advice,Mortgage Deals,0,0,clk.omgt1.com,Optimise,https://clk.omgt1.com/?AID=515880&PID=56474,
