slug,pos,impr,networks,commission,tracked,done,last_checked,score
quotezone-car-insurance-review,40.4,39,Quotezone,2,YES,,,90.2
quotezone-home-insurance-review,44.3,13,Quotezone,2,YES,,,90.1
quotezone-landlord-insurance-review,49.4,11,Quotezone,2,YES,,,90.1
quotezone-motorbike-insurance-review,72.5,14,Quotezone,2,YES,,,90.1
quotezone-van-insurance-review,35.6,9,Quotezone,2,YES,,,90.0
quotezone-travel-insurance-review,39.6,8,-,0,NO,,,90.0
quotezone-tradesman-insurance-review,48.7,6,Quotezone,2,YES,,,90.0
direct-line-car-insurance-review,71.0,604,-,0,NO,,,73.0
lv-home-insurance-review,36.0,572,-,0,NO,,,72.9
aviva-car-insurance-review,60.1,550,-,0,NO,,,72.8
john-lewis-home-insurance-review,50.9,507,-,0,NO,,,72.5
direct-line-landlord-insurance-review,52.2,385,-,0,NO,,,71.9
hastings-direct-car-insurance-review,52.9,336,-,0,NO,,,71.7
compare-boat-insurance-review,86.8,282,-,0,NO,,,71.4
start-rescue-breakdown-insurance-review,35.3,266,-,0,NO,,,71.3
axa-home-insurance-review,53.0,269,-,0,NO,,,71.3
haven-knox-johnston-boat-insurance-review,38.8,223,-,0,NO,,,71.1
hiscox-tradesman-insurance-review,46.4,191,-,0,NO,,,71.0
axa-landlord-insurance-review,48.4,167,-,0,NO,,,70.8
aviva-landlord-insurance-review,54.5,154,-,0,NO,,,70.8
the-aa-breakdown-insurance-review,58.7,160,-,0,NO,,,70.8
towergate-boat-insurance-review,39.6,129,-,0,NO,,,70.6
voyager-travel-insurance-review,52.0,105,CJ,8,YES,,,70.5
the-aa-van-insurance-review,62.4,83,-,0,NO,,,70.4
eversure-breakdown-insurance-review,47.4,59,-,0,NO,,,70.3
saga-landlord-insurance-review,46.9,55,-,0,NO,,,70.3
insure4boats-boat-insurance-review,51.1,67,-,0,NO,,,70.3
the-aa-europa-bike-insurance-review,54.7,70,-,0,NO,,,70.3
insuremore-travel-insurance-review,63.0,52,Affiliate Future,8,YES,,,70.3
smart-cover-plumbing-insurance,88.8,54,Awin,8,YES,,,70.3
wicked-quotes-motorbike-insurance-review,40.5,19,-,0,NO,,,70.1
noble-marine-boat-insurance-review,41.2,15,-,0,NO,,,70.1
comfort-breakdown-insurance-review,50.4,23,-,0,NO,,,70.1
insurance2go-phone-insurance,33.0,9,-,0,NO,,,70.0
performance-direct-motorbike-insurance-review,40.6,8,-,0,NO,,,70.0
mymoneycomparison-breakdown-insurance-review,57.4,7,Awin,8,YES,,,70.0
simply-business-tradesman-insurance-review,42.0,3,-,0,NO,,,70.0
axa-tradesman-insurance-review,61.7,9,-,0,NO,,,70.0
aviva-over-50s-insurance,67.5,10,-,0,NO,,,70.0
row-co-uk-phone-insurance,70.0,2,-,0,NO,,,70.0
legal-general-life-insurance,82.0,2,-,0,NO,,,70.0
carmoola-car-finance,47.4,2025,Awin,8,YES,,,65.1
carphone-warehouse-phones,56.4,658,Awin,8,YES,,,58.3
carphone-warehouse-new-phone-contract-deals,60.5,328,Awin,8,YES,,,56.6
hostelling-international-hostels,57.3,81,TradeTracker,8,YES,,,55.4
hostelworld-hostels,44.5,28,TradeTracker,8,YES,,,55.1
quick-mortgages,41.6,8,Optimise,10,YES,,,55.0
breeze-esim-review,28.2,4,Awin,8,YES,,,55.0
brittany-ferries-ferry-tickets,53.7,10,Awin,8,YES,,,55.0
purple-parking-airport-parking,36.0,1,Awin,8,YES,,,55.0
business-mobiles-deals,87.7,9,Awin,8,YES,,,55.0
hpi-checks,79.9,81,-,0,NO,,,40.4
kwik-fit-servicing,33.9,7,-,0,NO,,,40.0
national-tyres-and-autocare-servicing,41.6,7,-,0,NO,,,40.0
kwik-fit-tyres,50.0,1,-,0,NO,,,40.0
pitchup-campsites-and-resorts,17.1,1753,-,0,NO,,,28.8
natwest-credit-cards,50.4,1097,-,0,NO,,,25.5
nationwide-flexdirect-account,56.4,810,-,0,NO,,,24.1
tesco-mobile-new-phone-contract,55.4,559,-,0,NO,,,22.8
three-business-mobiles,57.3,554,-,0,NO,,,22.8
currys-televisions,30.2,390,-,0,NO,,,21.9
santander-edge-account,49.0,380,-,0,NO,,,21.9
monzo-current-account,56.8,319,-,0,NO,,,21.6
lloyds-bank-mortgage-deals,62.2,330,-,0,NO,,,21.6
cult-beauty-health-and-beauty,38.5,308,-,0,NO,,,21.5
honda-new-cars,80.8,255,-,0,NO,,,21.3
standard-life-pension,48.3,193,-,0,NO,,,21.0
samsung-no-contract-phones,49.0,168,-,0,NO,,,20.8
lenovo-uk-computers,40.9,101,-,0,NO,,,20.5
aa-car-check,46.8,96,-,0,NO,,,20.5
asos-mens-fashion,26.4,65,-,0,NO,,,20.3
momondo-cheap-flights,33.8,60,-,0,NO,,,20.3
currys-no-contract-phones,35.1,61,-,0,NO,,,20.3
lloyds-bank-personal-loan,52.2,50,-,0,NO,,,20.2
euro-car-parts-vehicle-parts,71.7,34,-,0,NO,,,20.2
natwest-personal-loan,38.7,24,-,0,NO,,,20.1
gusto-camp-campsites-and-resorts,36.7,22,-,0,NO,,,20.1
vertbaudet-childrens-fashion,33.1,14,-,0,NO,,,20.1
carwow-sell-my-car,34.6,13,-,0,NO,,,20.1
aviva-pension,52.5,23,-,0,NO,,,20.1
envirofone-recycle-your-phone,48.4,11,-,0,NO,,,20.1
po-ferries-ferry-tickets,55.7,19,-,0,NO,,,20.1
barclaycard-credit-cards,53.8,15,-,0,NO,,,20.1
rac-vehicle-history-check,60.2,12,-,0,NO,,,20.1
samsung-uk-televisions,63.2,15,-,0,NO,,,20.1
campsites-co-uk-campsites-and-resorts,63.6,12,-,0,NO,,,20.1
avonline-broadband-satellite-internet,88.3,23,-,0,NO,,,20.1
agoda-hotels,27.0,9,-,0,NO,,,20.0
expedia-hotels,13.0,5,-,0,NO,,,20.0
argos-televisions,24.0,7,-,0,NO,,,20.0
made-com-furniture,35.1,8,-,0,NO,,,20.0
konnect-satellite-internet,35.8,4,-,0,NO,,,20.0
mazuma-mobile-recycle-your-phone,10.0,1,-,0,NO,,,20.0
virgin-media-broadband,10.0,1,-,0,NO,,,20.0
first-direct-1st-account,52.2,9,-,0,NO,,,20.0
o2-recycle-your-phone,55.1,8,-,0,NO,,,20.0
philips-hue-smart-things,47.0,3,-,0,NO,,,20.0
national-rail-train-tickets,44.0,2,-,0,NO,,,20.0
airport-parking-shop-airport-parking,32.0,1,-,0,NO,,,20.0
next-childrens-fashion,34.0,1,-,0,NO,,,20.0
aa-vehicle-inspections,61.6,5,-,0,NO,,,20.0
bt-business-mobiles,58.0,3,-,0,NO,,,20.0
affordable-mobiles-no-contract-phones,57.5,2,-,0,NO,,,20.0
ovo-energy-electricity,49.0,1,-,0,NO,,,20.0
wayfair-furniture,66.0,1,-,0,NO,,,20.0
my-car-inspections,81.0,6,-,0,NO,,,20.0
volkswagen-new-cars,85.0,3,-,0,NO,,,20.0
talktalk-broadband,70.5,2,-,0,NO,,,20.0
dragonpass-airport-lounge,73.0,1,-,0,NO,,,20.0
airport-lounges-airport-lounge,94.0,1,-,0,NO,,,20.0
admiral-car-insurance-review,44.6,1271,Admiral direct,75,YES,YES,16 August 2026,106.4
admiral-home-insurance-review,37.9,948,Admiral direct,75,YES,YES,16 August 2026,104.7
admiral-van-insurance-review,52.4,116,Admiral direct,75,YES,YES,16 August 2026,100.6
admiral-motorbike-insurance-review,35.0,51,Admiral direct,75,YES,YES,16 August 2026,100.3
aviva-travel-insurance-review,39.7,233,-,0,NO,YES,16 August 2026,71.2
saga-travel-insurance-review,47.4,239,-,0,NO,YES,16 August 2026,71.2
cazoo-cars-for-sale,37.3,187,-,0,NO,YES,15 August 2026,40.9
parkers-cars-for-sale,43.0,1,-,0,NO,YES,16 August 2026,40.0
lloyds-bank-cash-isa,49.0,659,-,0,NO,YES,15 August 2026,23.3
santander-savings-account,49.4,530,-,0,NO,YES,15 August 2026,22.6
trading-212-cash-isa,48.0,469,-,0,NO,YES,15 August 2026,22.3
moneybox-cash-isa,40.0,89,-,0,NO,YES,15 August 2026,20.4
